Article,Price,Company,Name
244525323,1228,not one sport,Стрелы для лука 12 шт
169892528,863,BORIBA,Стрела для лука
148504947,1109,Резерв,Стрелы лучные крученые для охоты 6 шт
240251041,753,Smoke&Arrow,"Стрела для лука из стекловолокна, 6шт"
246058816,1228,not one sport,Стрелы для лука 12 шт
250411111,1173,Smoke&Arrow,"Стрела для лука Фиберглассовая, комплект 12 штук"
116131822,799,Резерв,Стрелы для лука с несъемным наконечником 6 шт
318004465,3128,Musen,Стрелы для лука карбон натуральное оперение 6шт
177307206,1109,Резерв,Стрелы для лука с несъемным наконечником 12 шт
208515998,1757,Резерв,Стрелы лучные крученые для охоты 12 шт
244525324,782,not one sport,Стрелы для лука 6 шт
231423883,1337,Bowmaster,"Стрела для лука Junior 28"", фиберглас (6 шт)"
221611186,1228,not one sport,Стрелы для лука 12 шт
246057819,782,not one sport,Стрелы для лука 6 шт
231423796,2653,Bowmaster,"Стрела для лука Berkut 500, фиберглас, 3"" Stream (12 шт)"
231423876,2302,Bowmaster,"Стрела для лука Junior 28"", фиберглас (12 шт)"
249012455,1508,PROFTURIST,Стрелы для лука для спорта и охоты карбоновые
246058895,782,not one sport,Стрелы для лука 6 шт
231423640,2314,Bowmaster,"Стрела лучная Adrenaline 500, карбон, 4"" TPU Shield (6 шт)"
202971115,651,Marksman,Стрелы 3шт. для блочных и классических луков
215857165,455,Резерв,Мишень для стрел бумажная 25 шт
247590667,794,kambarov.ru,Стрела Лучная Фибергласс 32дюйма
116130379,844,Резерв,Стрелы лучные карбоновые для охоты 6 шт
162532437,2199,Резерв,Стрелы лучные карбоновые для охоты 12 шт
231423519,1300,Bowmaster,"Стрелы лучные Pioneer, 6 шт, фиберглас"
198071575,876,Bowmaster,"Стрела для лука Pioneer 500, фиберглас, 3"" Stream (3 шт)"
236806617,2793,PROFTURIST,Стрелы для лука для спорта и охоты карбоновые
124836876,1299,Резерв,Стрелы лучные карбоновые для охоты 6 шт для лука
161366320,922,Centershot,Стрела лучная карбоновая Anarchy 400 (3шт.)
231423821,1329,Bowmaster,"Стрела лучная Adrenaline 500, карбон, 4"" TPU Shield (3 шт)"
